Model,MAE,RMSE,MAPE,Forecast Month 1,Forecast Month 2,Forecast Month 3
SARIMA,14437.2,19386.18,42.11,71457.29,55170.68,75354.27
Prophet,5770.42,7272.0,14.48,42990.53,31248.16,81267.01
XGBoost,8903.4,13351.83,12.51,52179.890625,40521.66015625,61992.578125
