{
  "sarima": {
    "mae": 14437.203989891068,
    "rmse": 19386.17846990931,
    "mape": 42.1114572620504,
    "order": [
      2,
      1,
      0
    ],
    "seasonal_order": [
      1,
      0,
      0,
      12
    ]
  },
  "prophet": {
    "mae": 5770.415946482845,
    "rmse": 7272.004220891607,
    "mape": 14.482661930999138
  },
  "xgboost": {
    "mae": 8903.399456944442,
    "rmse": 13351.831583963562,
    "mape": 12.510990654785747
  }
}