Region,Shipping Time
East,3.9102333931777378
West,3.9302547770700635
South,3.9612015018773468
Central,4.065876152832675
